{
  "database": {
    "app_db_path": "src/database/app.db",
    "security_db_path": "src/database/security.db",
    "metrics_db_path": "src/database/metrics.db",
    "learning_db_path": "src/database/learning.db",
    "connection_pool_size": 5,
    "query_timeout": 30,
    "enable_wal_mode": true,
    "enable_foreign_keys": true
  },
  "security": {
    "jwt_expiry_seconds": 3600,
    "password_min_length": 6,
    "max_login_attempts": 5,
    "lockout_duration_minutes": 15,
    "enable_rate_limiting": true,
    "rate_limit_requests": 100,
    "rate_limit_window_seconds": 3600,
    "enable_cors": true,
    "cors_origins": ["*"]
  },
  "cache": {
    "default_ttl_seconds": 1800,
    "memory_cache_size": 500,
    "enable_query_caching": true,
    "enable_result_caching": true,
    "cache_cleanup_interval_seconds": 300
  },
  "logging": {
    "log_level": "DEBUG",
    "log_format": "json",
    "log_file_path": "logs/child_ai_dev.log",
    "error_log_path": "logs/child_ai_dev_errors.log",
    "max_log_file_size_mb": 50,
    "log_retention_days": 7,
    "enable_console_logging": true,
    "enable_file_logging": true
  },
  "monitoring": {
    "enable_metrics_collection": true,
    "metrics_collection_interval_seconds": 30,
    "enable_health_checks": true,
    "health_check_interval_seconds": 15,
    "enable_performance_monitoring": true,
    "alert_error_threshold": 5,
    "alert_response_time_threshold_ms": 2000
  },
  "ai": {
    "max_facts_in_memory": 5000,
    "max_rules_in_memory": 500,
    "inference_timeout_seconds": 15,
    "max_inference_depth": 5,
    "enable_learning": true,
    "learning_rate": 0.02,
    "confidence_threshold": 0.6,
    "enable_explanation_generation": true
  },
  "server": {
    "host": "127.0.0.1",
    "port": 5000,
    "debug": true,
    "threaded": true,
    "max_content_length_mb": 16,
    "request_timeout_seconds": 30
  },
  "features": {
    "enable_authentication": true,
    "enable_user_registration": true,
    "enable_admin_panel": true,
    "enable_api_documentation": true,
    "enable_metrics_api": true,
    "enable_learning_api": true,
    "enable_knowledge_integration": true,
    "enable_async_processing": true,
    "enable_circuit_breakers": false,
    "enable_graceful_degradation": false
  }
}

