{
  "database": {
    "app_db_path": "/var/lib/child_ai/app.db",
    "security_db_path": "/var/lib/child_ai/security.db",
    "metrics_db_path": "/var/lib/child_ai/metrics.db",
    "learning_db_path": "/var/lib/child_ai/learning.db",
    "connection_pool_size": 20,
    "query_timeout": 60,
    "enable_wal_mode": true,
    "enable_foreign_keys": true
  },
  "security": {
    "jwt_expiry_seconds": 1800,
    "password_min_length": 8,
    "max_login_attempts": 3,
    "lockout_duration_minutes": 30,
    "enable_rate_limiting": true,
    "rate_limit_requests": 60,
    "rate_limit_window_seconds": 3600,
    "enable_cors": true,
    "cors_origins": ["https://childai.example.com", "https://api.childai.example.com"]
  },
  "cache": {
    "default_ttl_seconds": 3600,
    "memory_cache_size": 2000,
    "enable_query_caching": true,
    "enable_result_caching": true,
    "cache_cleanup_interval_seconds": 600
  },
  "logging": {
    "log_level": "INFO",
    "log_format": "json",
    "log_file_path": "/var/log/child_ai/app.log",
    "error_log_path": "/var/log/child_ai/errors.log",
    "max_log_file_size_mb": 200,
    "log_retention_days": 90,
    "enable_console_logging": false,
    "enable_file_logging": true
  },
  "monitoring": {
    "enable_metrics_collection": true,
    "metrics_collection_interval_seconds": 60,
    "enable_health_checks": true,
    "health_check_interval_seconds": 30,
    "enable_performance_monitoring": true,
    "alert_error_threshold": 20,
    "alert_response_time_threshold_ms": 5000
  },
  "ai": {
    "max_facts_in_memory": 50000,
    "max_rules_in_memory": 5000,
    "inference_timeout_seconds": 60,
    "max_inference_depth": 15,
    "enable_learning": true,
    "learning_rate": 0.005,
    "confidence_threshold": 0.8,
    "enable_explanation_generation": true
  },
  "server": {
    "host": "0.0.0.0",
    "port": 8080,
    "debug": false,
    "threaded": true,
    "max_content_length_mb": 32,
    "request_timeout_seconds": 60
  },
  "features": {
    "enable_authentication": true,
    "enable_user_registration": false,
    "enable_admin_panel": true,
    "enable_api_documentation": false,
    "enable_metrics_api": true,
    "enable_learning_api": true,
    "enable_knowledge_integration": true,
    "enable_async_processing": true,
    "enable_circuit_breakers": true,
    "enable_graceful_degradation": true
  }
}

